continent,capital,languages,geonameId,south,isoAlpha3,north,fipsCode,population,east,isoNumeric,areaInSqKm,countryCode,west,countryName,continentName,currencyCode
EU,Andorra la Vella,ca,3041565,42.428743001,AND,42.655765,AN,84000,1.78657600000003,020,468,AD,1.41376000100007,Principality of Andorra,Europe,EUR
AS,Abu Dhabi,"ar-AE,fa,en,hi,ur",290557,22.631513764,ARE,26.0693916660001,AE,4975593,56.381564568,784,82880,AE,51.572410727,United Arab Emirates,Asia,AED
AS,Kabul,"fa-AF,ps,uz-AF,tk",1149361,29.3770645357176,AFG,38.4907920755748,AF,29121286,74.8894511481168,004,647500,AF,60.4720833972263,Islamic Republic of Afghanistan,Asia,AFN
NA,Saint John’s,en-AG,3576396,16.996979,ATG,17.729387,AC,86754,-61.672421,028,443,AG,-61.906425,Antigua and Barbuda,North America,XCD
NA,The Valley,en-AI,3573511,18.1602929743117,AIA,18.2769019716581,AV,13254,-62.9665554457795,660,102,AI,-63.1680898960388,Anguilla,North America,XCD
EU,Tirana,"sq,el",783754,39.6448624829142,ALB,42.6611669383269,AL,2986952,21.0574334835312,008,28748,AL,19.2639112711741,Republic of Albania,Europe,ALL
AS,Yerevan,hy,174982,38.841972,ARM,41.301834,AM,2968000,46.6289052796227,051,29800,AM,43.44978,Republic of Armenia,Asia,AMD
AF,Luanda,pt-AO,3351879,-18.042076,AGO,-4.376826,AO,13068161,24.082119,024,1246700,AO,11.679219,Republic of Angola,Africa,AOA
AN,NA,NA,6697173,-89.9999,ATA,-60.515533,AY,0,179.9999,010,14e6,AQ,-179.9999,Antarctica,Antarctica,NA
SA,Buenos Aires,"es-AR,en,it,de,fr,gn",3865483,-55.0576984539999,ARG,-21.777951173,AR,41343201,-53.637962552,032,2766890,AR,-73.566302817,Argentine Republic,South America,ARS
OC,Pago Pago,"en-AS,sm,to",5880801,-14.373776,ASM,-11.047857,AQ,57881,-169.418925,016,199,AS,-171.090042,"American Samoa, Territory of",Oceania,USD
EU,Vienna,"de-AT,hr,hu,sl",2782113,46.3726520216244,AUT,49.0211627691393,AU,8205000,17.1620685652599,040,83858,AT,9.53095237240833,Republic of Austria,Europe,EUR
OC,Canberra,en-AU,2077456,-43.64397,AUS,-10.062805000000001,AS,21515754,153.639252,036,7686850,AU,112.911057,Commonwealth of Australia,Oceania,AUD
NA,Oranjestad,"nl-AW,pap,es,en",3577279,12.4117077061907,ABW,12.6237181271529,AA,71566,-69.8657512010498,533,193,AW,-70.064473719604507,Aruba,North America,AWG
EU,Mariehamn,sv-AX,661882,59.90675,ALA,60.488861,NA,26711,21.011862,248,1580,AX,19.317694,Ahvenanmaa,Europe,EUR
AS,Baku,"az,ru,hy",587116,38.3891525268555,AZE,41.90564,AJ,8303512,50.370083,031,86600,AZ,44.774113,Republic of Azerbaijan,Asia,AZN
EU,Sarajevo,"bs,hr-BA,sr-BA",3277605,42.555473846,BIH,45.276539649,BK,4590000,19.6237016800001,070,51129,BA,15.728732108,Bosnia and Herzegovina,Europe,BAM
NA,Bridgetown,en-BB,3374084,13.0448331850001,BRB,13.3358612060001,BB,285653,-59.420749664,052,431,BB,-59.6526374819999,Barbados,North America,BBD
AS,Dhaka,"bn-BD,en",1210997,20.743334,BGD,26.631945,BG,156118464,92.673668,050,144e3,BD,88.028336,Bangladesh,Asia,BDT
EU,Brussels,"nl-BE,fr-BE,de-BE",2802361,49.496968483036,BEL,51.5051118897455,BE,10403000,6.40793743953125,056,30510,BE,2.54132898439873,Kingdom of Belgium,Europe,EUR
AF,Ouagadougou,"fr-BF,mos",2361809,9.41047177500008,BFA,15.084033447,UV,16241811,2.40435976900005,854,274200,BF,-5.51324157299996,Burkina Faso,Africa,XOF
EU,Sofia,"bg,tr-BG,rom",732800,41.2353414930001,BGR,44.215451,BU,7148785,28.6102771760001,100,110910,BG,22.357156753,Republic of Bulgaria,Europe,BGN
AS,Manama,"ar-BH,en,fa,ur",290291,25.790910001,BHR,26.3308150010001,BA,738004,50.720622,048,665,BH,50.3158550000001,Kingdom of Bahrain,Asia,BHD
AF,Bujumbura,"fr-BI,rn",433561,-4.46932899899997,BDI,-2.30973016299993,BY,9863117,30.84954,108,27830,BI,29.0009680000001,Republic of Burundi,Africa,BIF
AF,Porto-Novo,fr-BJ,2395170,6.23477794100006,BEN,12.4086110000001,BN,9056010,3.84306303800003,204,112620,BJ,0.775412326000037,Republic of Benin,Africa,XOF
NA,Gustavia,fr,3578476,17.8781832274056,BLM,17.9288087919493,TB,8450,-62.7889833729859,652,21,BL,-62.8739118253784,Saint-Barthélemy,North America,EUR
NA,Hamilton,"en-BM,pt",3573345,32.247551,BMU,32.3912235164616,BD,65365,-64.6471864814453,060,53,BM,-64.887238,Bermuda,North America,BMD
AS,Bandar Seri Begawan,"ms-BN,en-BN",1820814,4.00264384400003,BRN,5.04571171901151,BX,395027,115.364671704,096,5770,BN,114.075926291,Brunei Darussalam,Asia,BND
SA,Sucre,"es-BO,qu,ay",3923057,-22.89809,BOL,-9.66932299899997,BL,9947418,-57.4538029999999,068,1098580,BO,-69.644939573,Plurinational State of Bolivia,South America,BOB
NA,Kralendijk,"nl,pap,en",7626844,12.017149,BES,12.304535,NA,18012,-68.192307,535,328,BQ,-68.416458,"Bonaire, Saint Eustatius and Saba",North America,USD
SA,Brasília,"pt-BR,es,en,fr",3469034,-33.750706,BRA,5.264877,BR,201103330,-32.392998,076,8511965,BR,-73.985535,Federative Republic of Brazil,South America,BRL
NA,Nassau,en-BS,3572887,22.852743,BHS,26.919243,BF,301790,-74.423874,044,13940,BS,-78.995911,Commonwealth of The Bahamas,North America,BSD
AS,Thimphu,dz,1252634,26.702020985,BTN,28.246987001,BT,699847,92.12523192,064,47e3,BT,88.7455215570001,Kingdom of Bhutan,Asia,BTN
AN,NA,NA,3371123,-54.4507993522734,BVT,-54.3887383509872,BV,0,3.43484557775832,074,49,BV,3.28677642803734,Bouvet Island,Antarctica,NOK
AF,Gaborone,"en-BW,tn-BW",933860,-26.907545,BWA,-17.778136999,BC,2029307,29.375304,072,600370,BW,19.998903,Republic of Botswana,Africa,BWP
EU,Minsk,"be,ru",630336,51.262011,BLR,56.1724940010001,BO,9685000,32.776820001,112,207600,BY,23.1781980010001,Republic of Belarus,Europe,BYN
NA,Belmopan,"en-BZ,es",3582678,15.8893,BLZ,18.496557,BH,314522,-87.776985,084,22966,BZ,-89.224815,Belize,North America,BZD
NA,Ottawa,"en-CA,fr-CA,iu",6251999,41.67598,CAN,83.110626,CA,33679000,-52.636291,124,9984670,CA,-141,Canada,North America,CAD
AS,West Island,"ms-CC,en",1547376,-12.208725839,CCK,-12.072459094,CK,628,96.929489344,166,14,CC,96.816941408,Territory of Cocos (Keeling) Islands,Asia,AUD
AF,Kinshasa,"fr-CD,ln,ktu,kg,sw,lua",203312,-13.459034999,COD,5.39200300000005,CG,70916439,31.3146120000001,180,2345410,CD,12.202361491,Democratic Republic of the Congo,Africa,CDF
AF,Bangui,"fr-CF,sg,ln,kg",239880,2.22305300000005,CAF,11.017956999999999,CT,4844927,27.4583050000001,140,622984,CF,14.4150980000001,Central African Republic,Africa,XAF
AF,Brazzaville,"fr-CG,kg,ln-CG",2260494,-5.04072158799994,COG,3.70779100000004,CF,3039126,18.65042119,178,342e3,CG,11.1520760600001,Republic of the Congo,Africa,XAF
EU,Bern,"de-CH,fr-CH,it-CH,rm",2658434,45.8191539516188,CHE,47.8098679329775,SZ,7581000,10.4934735095497,756,41290,CH,5.95661377423453,Switzerland,Europe,CHF
AF,Yamoussoukro,fr-CI,2287781,4.36035248000007,CIV,10.740015,IV,21058798,-2.49303099999997,384,322460,CI,-8.60205899999994,Côte de l’Ivoire,Africa,XOF
OC,Avarua,"en-CK,mi",1899402,-21.944164,COK,-10.023114,CW,21388,-157.312134,184,240,CK,-161.093658,Cook Islands,Oceania,NZD
SA,Santiago,es-CL,3895114,-55.909795409,CHL,-17.4977759459999,CI,16746491,-66.416152278,152,756950,CL,-80.8370287079999,Republic of Chile,South America,CLP
AF,Yaoundé,"en-CM,fr-CM",2233387,1.65590000000003,CMR,13.083334,CM,19294149,16.1944080000001,120,475440,CM,8.49843402900007,Republic of Cameroon,Africa,XAF
AS,Beijing,"zh-CN,yue,wuu,dta,ug,za",1814991,15.775416,CHN,53.560974001,CH,1330044000,134.7754563,156,9596960,CN,73.4994140000001,People’s Republic of China,Asia,CNY
SA,Bogotá,es-CO,3686110,-4.22839224299997,COL,13.38600323,CO,47790000,-66.8472153989999,170,1138910,CO,-81.735775648,Republic of Colombia,South America,COP
NA,San José,"es-CR,en",3624060,8.03962731803416,CRI,11.2197589122308,CS,4516220,-82.552318987959,188,51100,CR,-85.9502523586265,Republic of Costa Rica,North America,CRC
NA,Havana,"es-CU,pap",3562981,19.828083,CUB,23.226042,CU,11423000,-74.131775,192,110860,CU,-84.957428,Republic of Cuba,North America,CUP
AF,Praia,pt-CV,3374766,14.8152942670001,CPV,17.204706193,CV,508659,-22.6674270629999,132,4033,CV,-25.3609161379999,Republic of Cabo Verde,Africa,CVE
NA,Willemstad,"nl,pap",7626836,12.032745,CUW,12.385672,UC,141766,-68.733948,531,444,CW,-69.157204,Country of Curaçao,North America,ANG
OC,Flying Fish Cove,"en,zh,ms-CC",2078138,-10.5704829995,CXR,-10.412356007,KT,1500,105.712596992,162,135,CX,105.533276992,Territory of Christmas Island,Oceania,AUD
EU,Nicosia,"el-CY,tr-CY,en",146669,34.6332846722908,CYP,35.701527,CY,1102677,34.5979159999999,196,9250,CY,32.273083,Republic of Cyprus,Europe,EUR
EU,Praha,"cs,sk",3077311,48.5519105430001,CZE,51.055384001,EZ,10476000,18.859266,203,78866,CZ,12.091575,Czech Republic,Europe,CZK
EU,Berlin,de,2921044,47.2701236047002,DEU,55.0583836008072,GM,81802257,15.0418156516163,276,357021,DE,5.8663152683722,Federal Republic of Germany,Europe,EUR
AF,Djibouti,"fr-DJ,ar,so-DJ,aa",223816,10.9129530000001,DJI,12.7136967920001,DJ,740528,43.4175099920001,262,23e3,DJ,41.7708460000001,Republic of Djibouti,Africa,DJF
EU,Copenhagen,"da-DK,en,fo,de-DK",2623032,54.562389,DNK,57.748417,DA,5484000,15.158834,208,43094,DK,8.075611,Kingdom of Denmark,Europe,DKK
NA,Roseau,en-DM,3575830,15.2065406513926,DMA,15.6399017006749,DO,72813,-61.2416301296512,212,754,DM,-61.4808292002466,Dominica,North America,XCD
NA,Santo Domingo,es-DO,3508796,17.5395066830409,DOM,19.9321257501267,DR,9823821,-68.3229591969468,214,48730,DO,-72.0114723981787,Dominican Republic,North America,DOP
AF,Algiers,ar-DZ,2589581,18.968147,DZA,37.089801381,AG,34586184,11.9984999060001,012,2381740,DZ,-8.66761116299995,People’s Democratic Republic of Algeria,Africa,DZD
SA,Quito,es-EC,3658394,-5.01615732302488,ECU,1.43523516349953,EC,14790608,-75.1871465547501,218,283560,EC,-81.0836838953894,Republic of Ecuador,South America,USD
EU,Tallinn,"et,ru",453733,57.5093097920079,EST,59.6753143130129,EN,1291170,28.2090381531431,233,45226,EE,21.8285886498081,Eesti,Europe,EUR
AF,Cairo,"ar-EG,en,fr",357994,21.724952,EGY,31.6709930000001,EG,80471869,35.7935441020001,818,1001450,EG,24.6967750000001,Arab Republic of Egypt,Africa,EGP
AF,Laâyoune / El Aaiún,"ar,mey",2461445,20.774158,ESH,27.669674,WI,273008,-8.670276,732,266e3,EH,-17.103182,Western Sahara,Africa,MAD
AF,Asmara,"aa-ER,ar,tig,kun,ti-ER",338010,12.359555,ERI,18.003084,ER,5792984,43.13464,232,121320,ER,36.438778,State of Eritrea,Africa,ERN
EU,Madrid,"es-ES,ca,gl,eu,oc",2510769,36.0001044260548,ESP,43.7913565913767,SP,46505963,4.32778473043961,724,504782,ES,-9.30151567231899,Kingdom of Spain,Europe,EUR
AF,Addis Ababa,"am,en-ET,om-ET,ti-ET,so-ET,sid",337996,3.40413700100004,ETH,14.894214,ET,88013491,48.0010560010001,231,1127127,ET,32.997734001,Federal Democratic Republic of Ethiopia,Africa,ETB
EU,Helsinki,"fi-FI,sv-FI,smn",660013,59.808777,FIN,70.096054,FI,5244000,31.580944,246,337030,FI,20.556944,Republic of Finland,Europe,EUR
OC,Suva,"en-FJ,fj",2205218,-20.67597,FJI,-12.4796320587143,FJ,875983,-178.424438,242,18270,FJ,177.140385376479,Republic of Fiji,Oceania,FJD
SA,Stanley,en-FK,3474414,-52.383984175,FLK,-51.2331394719999,FK,2638,-57.718087652,238,12173,FK,-61.3474566739999,Falkland Islands (Islas Malvinas),South America,FKP
OC,Palikir - National Government Center,"en-FM,chk,pon,yap,kos,uli,woe,nkr,kpg",2081918,1.02629,FSM,10.08904,FM,107708,163.03717,583,702,FM,137.33648,Federated States of Micronesia,Oceania,USD
EU,Tórshavn,"fo,da-FO",2622320,61.3910302656013,FRO,62.3938884414274,FO,48228,-6.25655957192113,234,1399,FO,-7.68819167777462,Faroe Islands,Europe,DKK
EU,Paris,"fr-FR,frp,br,co,ca,eu,oc",3017382,41.3658213299999,FRA,51.0890012279322,FR,64768389,9.5596148665824,250,547030,FR,-5.1389964684508,France,Europe,EUR
AF,Libreville,fr-GA,2400553,-3.96180775999994,GAB,2.31810900100004,GB,1545255,14.5269230000001,266,267667,GA,8.69940944700005,Gabonese Republic,Africa,XAF
EU,London,"en-GB,cy-GB,gd",2635167,49.9028622252397,GBR,59.3607741849963,UK,62348447,1.7689121033873,826,244820,GB,-8.61772077108559,United Kingdom of Great Britain and Northern Ireland,Europe,GBP
NA,Saint George's,en-GD,3580239,11.986893,GRD,12.3182839281713,GJ,107818,-61.5767697010803,308,344,GD,-61.802344,Grenada,North America,XCD
AS,Tbilisi,"ka,ru,hy,az",614540,41.054942,GEO,43.5866270000001,GG,4630000,46.736119,268,69700,GE,40.006604,Georgia,Asia,GEL
SA,Cayenne,fr-GF,3381670,2.127094,GUF,5.776496,FG,195506,-51.613949,254,91e3,GF,-54.542511,Guyane,South America,EUR
EU,Saint Peter Port,"en,nrf",3042362,49.407641568769,GGY,49.7317278167054,GK,65228,-2.15771521122463,831,78,GG,-2.67319459347607,Bailiwick of Guernsey,Europe,GBP
AF,Accra,"en-GH,ak,ee,tw",2300660,4.73894544800004,GHA,11.174952907,GH,24339838,1.19948138100006,288,239460,GH,-3.26078599999994,Republic of Ghana,Africa,GHS
EU,Gibraltar,"en-GI,es,it,pt",2411586,36.1090307014025,GIB,36.1554391356707,GI,27884,-5.33828516400149,292,6.5,GI,-5.36626149743654,Gibraltar,Europe,GIP
NA,Nuuk,"kl,da-GL,en",3425505,59.777401,GRL,83.627357,GL,56375,-11.312319,304,2166086,GL,-73.04203,Greenland,North America,DKK
AF,Banjul,"en-GM,mnk,wof,wo,ff",2413451,13.063718062,GMB,13.825058106,GA,1593256,-13.791386179,270,11300,GM,-16.8136100139999,Gambia,Africa,GMD
AF,Conakry,fr-GN,2420477,7.193553,GIN,12.67622,GV,10324025,-7.641071,324,245857,GN,-14.926619,Republic of Guinea,Africa,GNF
NA,Basse-Terre,fr-GP,3579143,15.867565,GLP,16.516848,GP,443000,-61,312,1780,GP,-61.544765,Guadeloupe,North America,EUR
AF,Malabo,"es-GQ,fr",2309096,0.92086,GNQ,2.346989,EK,1014999,11.335724,226,28051,GQ,9.346865,Guinee Espagnol,Africa,XAF
EU,Athens,"el-GR,en,fr",390903,34.8020663391466,GRC,41.7484999849641,GR,11000000,28.2470831714347,300,131940,GR,19.3736035624134,Hellenic Republic,Europe,EUR
AN,Grytviken,en,3474415,-59.46319341,SGS,-53.980896636,SX,30,-26.252069712,239,3903,GS,-38.0479509639999,South Georgia and the South Sandwich Islands,Antarctica,GBP
NA,Guatemala City,es-GT,3595528,13.7400210010001,GTM,17.815695169,GT,13550440,-88.233001934,320,108890,GT,-92.231143101,Republic of Guatemala,North America,GTQ
OC,Hagåtña,"en-GU,ch-GU",4043988,13.23376,GUM,13.654402,GQ,159358,144.956894,316,549,GU,144.618318,Guam,Oceania,USD
AF,Bissau,"pt-GW,pov",2372248,10.924265,GNB,12.680789,PU,1565126,-13.636522,624,36120,GW,-16.717535,Republic of Guinea-Bissau,Africa,XOF
SA,Georgetown,en-GY,3378535,1.17508,GUY,8.557567,GY,748486,-56.480251,328,214970,GY,-61.384762,Co-operative Republic of Guyana,South America,GYD
AS,Hong Kong,"zh-HK,yue,zh,en",1819730,22.15325,HKG,22.559778,HK,6898686,114.434753,344,1092,HK,113.837753,Hong Kong Special Administrative Region,Asia,HKD
AN,NA,NA,1547314,-53.192001,HMD,-52.909416,HM,0,73.859146,334,412,HM,72.596535,Territory of Heard Island and McDonald Islands,Antarctica,AUD
NA,Tegucigalpa,"es-HN,cab,miq",3608932,12.982411,HND,16.510256,HO,7989415,-83.155403,340,112090,HN,-89.350792,Republic of Honduras,North America,HNL
EU,Zagreb,"hr-HR,sr",3202326,42.43589,HRV,46.5549629558487,HR,4284889,19.427389,191,56542,HR,13.493222,Republic of Croatia,Europe,HRK
NA,Port-au-Prince,"ht,fr-HT",3723988,18.021032,HTI,20.08782,HA,9648924,-71.613358,332,27750,HT,-74.478584,Republic of Haiti,North America,HTG
EU,Budapest,hu-HU,719819,45.7370495590001,HUN,48.585336,HU,9982000,22.896564336,348,93030,HU,16.113795,Hungary,Europe,HUF
AS,Jakarta,"id,en,nl,jv",1643084,-10.941861,IDN,5.904417,ID,242968342,141.021805,360,1919440,ID,95.009331,Republic of Indonesia,Asia,IDR
EU,Dublin,"en-IE,ga-IE",2963597,51.4475491577615,IRL,55.3829431564742,EI,4622917,-5.99804990172185,372,70280,IE,-10.4800035816853,Ireland,Europe,EUR
AS,NA,"he,ar-IL,en-IL,",294640,29.490654862,ISR,33.2908350000001,IS,7353985,35.67033,376,20770,IL,34.267257,State of Israel,Asia,ILS
EU,Douglas,"en,gv",3042225,54.055916,IMN,54.419724,IM,75049,-4.3115,833,572,IM,-4.798722,Isle of Man,Europe,GBP
AS,New Delhi,"en-IN,hi,bn,te,mr,ta,ur,gu,kn,ml,or,pa,as,bh,sat,ks,ne,sd,kok,doi,mni,sit,sa,fr,lus,inc",1269750,6.7559528993543,IND,35.524548272882,IN,1173108018,97.4152926679075,356,3287590,IN,68.4840183183648,Republic of India,Asia,INR
AS,NA,en-IO,1282588,-7.438028,IOT,-5.268333,IO,4000,72.493164,086,60,IO,71.259972,British Indian Ocean Territory,Asia,USD
AS,Baghdad,"ar-IQ,ku,hy",99237,29.0612080000001,IRQ,37.380746001,IZ,29671605,48.6117360000001,368,437072,IQ,38.7936740000001,Republic of Iraq,Asia,IQD
AS,Tehran,"fa-IR,ku",130758,25.064083,IRN,39.777222,IR,76923300,63.317471,364,1648e3,IR,44.047279,Islamic Republic of Iran,Asia,IRR
EU,Reykjavík,"is,en,de,da,sv,no",2629691,63.394392778588,ISL,66.5377933098397,IC,308910,-13.4946206239501,352,103e3,IS,-24.5326753866625,Republic of Iceland,Europe,ISK
EU,Rome,"it-IT,de-IT,fr-IT,sc,ca,co,sl",3175395,36.6440816661648,ITA,47.0917837415439,IT,60340328,18.5203814091888,380,301230,IT,6.62662135986088,Repubblica Italiana,Europe,EUR
EU,Saint Helier,"en,fr,nrf",3042142,49.169834,JEY,49.265057,JE,90812,-2.022083,832,116,JE,-2.260028,Bailiwick of Jersey,Europe,GBP
NA,Kingston,en-JM,3489940,17.7059966193696,JAM,18.524766185516,JM,2847232,-76.1830989848426,388,10991,JM,-78.3690062954957,Jamaica,North America,JMD
AS,Amman,"ar-JO,en",248816,29.1850360010001,JOR,33.374735,JO,6407085,39.3011540000001,400,92300,JO,34.955471039,Al Mamlakah al Urdunīyah al Hāshimīyah,Asia,JOD
AS,Tokyo,ja,1861060,24.255169441,JPN,45.52295736,JA,127288000,145.817458885,392,377835,JP,122.933653061,Japan,Asia,JPY
AF,Nairobi,"en-KE,sw-KE",192950,-4.67989449199996,KEN,5.03342100100002,KE,40046566,41.9069450000001,404,582650,KE,33.9098210000001,Republic of Kenya,Africa,KES
AS,Bishkek,"ky,uz,ru",1527747,39.172832,KGZ,43.238224,KG,5776500,80.283165,417,198500,KG,69.276611,Kyrgyz Republic,Asia,KGS
AS,Phnom Penh,"km,fr,en",1831722,10.409083,KHM,14.686417,CB,14453680,107.627724,116,181040,KH,102.339996,Kingdom of Cambodia,Asia,KHR
OC,Tarawa,"en-KI,gil",4030945,-11.4468811501869,KIR,4.71957,KR,92533,-150.215347,296,811,KI,169.556137,Republic of Kiribati,Oceania,AUD
AF,Moroni,"ar,fr-KM",921929,-12.387857,COM,-11.362381,CN,773407,44.538223,174,2170,KM,43.21579,Union of the Comoros,Africa,KMF
NA,Basseterre,en-KN,3575174,17.095343,KNA,17.420118,SC,51134,-62.543266,659,261,KN,-62.86956,Federation of Saint Kitts and Nevis,North America,XCD
AS,Pyongyang,ko-KP,1873107,37.673332,PRK,43.006054,KN,22912177,130.674866,408,120540,KP,124.315887,Democratic People’s Republic of Korea,Asia,KPW
AS,Seoul,"ko-KR,en",1835841,33.1954102977009,KOR,38.5933891092225,KS,48422644,129.583016157998,410,98480,KR,125.887442375577,Republic of Korea,Asia,KRW
AS,Kuwait City,"ar-KW,en",285570,28.524611,KWT,30.095945,KU,2789132,48.431473,414,17820,KW,46.555557,State of Kuwait,Asia,KWD
NA,George Town,en-KY,3580718,19.263029,CYM,19.7617,CJ,44270,-79.727272,136,262,KY,-81.432777,Cayman Islands,North America,KYD
AS,Astana,"kk,ru",1522867,40.5686884990001,KAZ,55.441984001,KZ,15340000,87.3154150010001,398,2717300,KZ,46.4936720000001,Republic of Kazakhstan,Asia,KZT
AS,Vientiane,"lo,fr,en",1655842,13.909720001,LAO,22.50904495,LA,6368162,107.635093936,418,236800,LA,100.083872,Lao People’s Democratic Republic,Asia,LAK
AS,Beirut,"ar-LB,fr-LB,en,hy",272103,33.0550260000001,LBN,34.6920900000001,LE,4125247,36.62372,422,10400,LB,35.103668213,Lebanon,Asia,LBP
NA,Castries,en-LC,3576468,13.7072692224982,LCA,14.110317287646,ST,160922,-60.8732306422271,662,616,LC,-61.0799573015975,Saint Lucia,North America,XCD
EU,Vaduz,de-LI,3042058,47.0484284123471,LIE,47.2706251386959,LS,35000,9.63564281136796,438,160,LI,9.47167359782014,Principality of Liechtenstein,Europe,CHF
AS,Colombo,"si,ta,en",1227603,5.916833,LKA,9.831361,CE,21513990,81.881279,144,65610,LK,79.652916,Democratic Socialist Republic of Sri Lanka,Asia,LKR
AF,Monrovia,en-LR,2275384,4.35326143300006,LBR,8.55198600000006,LI,3685076,-7.36925499999995,430,111370,LR,-11.4993114059999,Republic of Liberia,Africa,LRD
AF,Maseru,"en-LS,st,zu,xh",932692,-30.6755750029999,LSO,-28.5708,LT,1919552,29.4557099420001,426,30355,LS,27.011229998,Kingdom of Lesotho,Africa,LSL
EU,Vilnius,"lt,ru,pl",597427,53.89679499,LTU,56.4504065100001,LH,2944459,26.8355231,440,65200,LT,20.941528,Republic of Lithuania,Europe,EUR
EU,Luxembourg,"lb,de-LU,fr-LU",2960313,49.4478586777657,LUX,50.1827724537964,LU,497538,6.53089806725595,442,2586,LU,5.73569893839079,Grand Duchy of Luxembourg,Europe,EUR
EU,Riga,"lv,ru,lt",458258,55.6746669350001,LVA,58.085568788,LG,2217969,28.241403,428,64589,LV,20.9691104890001,Republic of Latvia,Europe,EUR
AF,Tripoli,"ar-LY,it,en",2215636,19.508045,LBY,33.168999,LY,6461454,25.150612,434,1759540,LY,9.38702,Libya,Africa,LYD
AF,Rabat,"ar-MA,ber,fr",2542007,27.6672694750001,MAR,35.922341095,MO,33848242,-0.996975780999946,504,446550,MA,-13.1722970399999,Kingdom of Morocco,Africa,MAD
EU,Monaco,"fr-MC,en,it",2993457,43.7247283986938,MCO,43.7519671703723,MN,32965,7.43993926048279,492,1.95,MC,7.40896224975586,Principality of Monaco,Europe,EUR
EU,Chişinău,"ro,ru,gag,tr",617790,45.4674379630001,MDA,48.492029003,MD,4324000,30.1635900000001,498,33843,MD,26.6164249990001,Republic of Moldova,Europe,MDL
EU,Podgorica,"sr,hu,bs,sq,hr,rom",3194884,41.868751527,MNE,43.558230232,MJ,666730,20.352926,499,14026,ME,18.4335595800001,Montenegro,Europe,EUR
NA,Marigot,fr,3578421,18.0471721910302,MAF,18.1252951912462,RN,35925,-63.010591063201304,663,53,MF,-63.1503610389061,Saint-Martin,North America,EUR
AF,Antananarivo,"fr-MG,mg",1062947,-25.608952,MDG,-11.945433,MA,21281844,50.48378,450,587040,MG,43.224876,Republic of Madagascar,Africa,MGA
OC,Majuro,"mh,en-MH",2080185,5.587639,MHL,14.62,RM,65859,171.931808,584,181.3,MH,165.524918,Republic of the Marshall Islands,Oceania,USD
EU,Skopje,"mk,sq,tr,rmm,sr",718075,40.8539489400001,MKD,42.3736460000001,MK,2062294,23.0340440310001,807,25333,MK,20.4524230000001,Republic of Macedonia,Europe,MKD
AF,Bamako,"fr-ML,bm",2453866,10.147811,MLI,25.001084,ML,13796354,4.26666786900006,466,124e4,ML,-12.240344643,Republic of Mali,Africa,XOF
AS,Nay Pyi Taw,my,1327865,9.784583,MMR,28.543249,BM,53414374,101.176781,104,678500,MM,92.189278,Union of Burma,Asia,MMK
AS,Ulaanbaatar,"mn,ru",2029969,41.5818330000001,MNG,52.1483550020001,MG,3086918,119.931509803,496,1565e3,MN,87.7344790560001,Mongolia,Asia,MNT
AS,Macau,"zh,zh-MO,pt",1821275,22.179927465,MAC,22.2170590110001,MC,449198,113.56087212,446,254,MO,113.528563856,Macau Special Administrative Region,Asia,MOP
OC,Saipan,"fil,tl,zh,ch-MP,en-MP",4041468,14.11023,MNP,20.55344,CQ,53883,146.06528,580,477,MP,144.88626,Commonwealth of the Northern Mariana Islands,Oceania,USD
NA,Fort-de-France,fr-MQ,3570311,14.3948095793821,MTQ,14.8793869227087,MB,432900,-60.8097137231126,474,1100,MQ,-61.2290666794353,Martinique,North America,EUR
AF,Nouakchott,"ar-MR,fuc,snk,fr,mey,wo",2378080,14.715547,MRT,27.298073,MR,3205060,-4.827674,478,1030700,MR,-17.066521,Islamic Republic of Mauritania,Africa,MRO
NA,Plymouth,en-MS,3578097,16.674768935441602,MSR,16.8240602053132,MH,9341,-62.1441001296082,500,102,MS,-62.2413823703613,Montserrat,North America,XCD
EU,Valletta,"mt,en-MT",2562770,35.8061835000002,MLT,36.0821530995456,MT,403000,14.5764915000002,470,316,MT,14.1834251000001,Republic of Malta,Europe,EUR
AF,Port Louis,"en-MU,bho,fr",934292,-20.525717,MUS,-10.319255,MP,1294104,63.500179,480,2040,MU,56.512718,Republic of Mauritius,Africa,MUR
AS,Male,"dv,en",1282028,-0.692694,MDV,7.09158749541477,MV,395650,73.637276,462,300,MV,72.693222,Republic of Maldives,Asia,MVR
AF,Lilongwe,"ny,yao,tum,swk",927384,-17.1295217059999,MWI,-9.36722739199996,MI,15447500,35.9185731040001,454,118480,MW,32.6725205490001,Republic of Malawi,Africa,MWK
NA,Mexico City,es-MX,3996063,14.532866,MEX,32.716759,MX,112468855,-86.703392,484,1972550,MX,-118.453949,Mexico,North America,MXN
AS,Kuala Lumpur,"ms-MY,en,zh,ta,te,ml,pa,th",1733045,0.855222,MYS,7.363417,MY,28274729,119.267502,458,329750,MY,99.643448,Malaysia,Asia,MYR
AF,Maputo,"pt-MZ,vmw",1036973,-26.868162,MOZ,-10.4731756319999,MZ,22061451,40.838104211,508,801590,MZ,30.2155500000001,Republic of Mozambique,Africa,MZN
AF,Windhoek,"en-NA,af,de,hz,naq",3355338,-28.9706389999999,NAM,-16.963488173,WA,2128471,25.2617520000001,516,825418,NA,11.737502061,Republic of Namibia,Africa,NAD
OC,Nouméa,fr-NC,2139685,-22.698,NCL,-19.549778,NC,216494,168.129135,540,19060,NC,163.564667,Nouvelle-Calédonie,Oceania,XPF
AF,Niamey,"fr-NE,ha,kr,dje",2440476,11.6937560000001,NER,23.5149999920001,NG,15878271,15.9990340000001,562,1267e3,NE,0.162193643000023,Republic of Niger,Africa,XOF
OC,Kingston,en-NF,2155115,-29.0630767429547,NFK,-28.9951706869484,NF,1828,167.9977374021,574,34.6,NF,167.915432301514,Territory of Norfolk Island,Oceania,AUD
AF,Abuja,"en-NG,ha,yo,ig,ff",2328926,4.277144,NGA,13.892007,NI,154000000,14.680073,566,923768,NG,2.668432,Federal Republic of Nigeria,Africa,NGN
NA,Managua,"es-NI,en",3617476,10.707543,NIC,15.025909,NU,5995928,-82.738289,558,129494,NI,-87.690308,Republic of Nicaragua,North America,NIO
EU,Amsterdam,"nl-NL,fy-NL",2750405,50.7503674993741,NLD,53.5157125645109,NL,16645000,7.22749859212922,528,41526,NL,3.35837827202,Kingdom of the Netherlands,Europe,EUR
EU,Oslo,"no,nb,nn,se,fi",3144096,57.9798778348934,NOR,71.1854764998959,NO,5009150,31.0637403422484,578,324220,NO,4.64182374183584,Kingdom of Norway,Europe,NOK
AS,Kathmandu,"ne,en",1282988,26.3479660710001,NPL,30.447389748,NP,28951852,88.2015257450001,524,140800,NP,80.058450824,Federal Democratic Republic of Nepal,Asia,NPR
OC,Yaren,"na,en-NR",2110425,-0.552333,NRU,-0.504306,NR,10065,166.945282,520,21,NR,166.899033,Nauru,Oceania,AUD
OC,Alofi,"niu,en-NU",4036232,-19.152193,NIU,-18.951069,NE,2166,-169.775177,570,260,NU,-169.951004,Niue,Oceania,NZD
OC,Wellington,"en-NZ,mi",2186224,-47.286026,NZL,-34.389668,NZ,4252277,-180,554,268680,NZ,166.7155,New Zealand,Oceania,NZD
AS,Muscat,"ar-OM,en,bal,ur",286963,16.6500835430001,OMN,26.3863334660001,MU,2967717,59.8379173280001,512,212460,OM,52.0000000000001,Sultanate of Oman,Asia,OMR
NA,Panamá,"es-PA,en",3703430,7.20236920646422,PAN,9.6474132494631,PM,3410676,-77.1563637579897,591,78200,PA,-83.0523988577088,Republic of Panama,North America,PAB
SA,Lima,"es-PE,qu,ay",3932488,-18.3509277356587,PER,-0.0386059686681167,PE,29907003,-68.6522791042853,604,1285220,PE,-81.3281953622301,Republic of Peru,South America,PEN
OC,Papeete,"fr-PF,ty",4030656,-27.653572,PYF,-7.903573,FP,270485,-134.929825,258,4167,PF,-152.877167,Polynésie Française,Oceania,XPF
OC,Port Moresby,"en-PG,ho,meu,tpi",2088628,-11.657861,PNG,-1.318639,PP,6064515,155.96344,598,462840,PG,140.842865,Independent State of Papua New Guinea,Oceania,PGK
AS,Manila,"tl,en-PH,fil,ceb,tgl,ilo,hil,war,pam,bik,bcl,pag,mrw,tsg,mdh,cbk,krj,sgd,msb,akl,ibg,yka,mta,abx",1694008,4.64209796365014,PHL,21.1218854788318,RP,99900177,126.604974021823,608,3e5,PH,116.9288644959,Republic of the Philippines,Asia,PHP
AS,Islamabad,"ur-PK,en-PK,pa,sd,ps,brh",1168579,23.769527435,PAK,37.0841070010001,PK,184404791,77.0132974640001,586,803940,PK,60.8729720000001,Islamic Republic of Pakistan,Asia,PKR
EU,Warsaw,pl,798544,49.0020465193443,POL,54.8357886595169,PL,38500000,24.1457828491313,616,312685,PL,14.1228850233809,Republic of Poland,Europe,PLN
NA,Saint-Pierre,fr-PM,3424932,46.7826497084985,SPM,47.143768029427,SB,7012,-56.1253298443454,666,242,PM,-56.4070922308708,Saint-Pierre et Miquelon,North America,EUR
OC,Adamstown,en-PN,4030699,-24.672565,PCN,-24.3299386198549,PC,46,-124.77285,612,47,PN,-128.356990111194,"Pitcairn, Henderson, Ducie and Oeno Islands",Oceania,NZD
NA,San Juan,"en-PR,es-PR",4566966,17.926405,PRI,18.520166,RQ,3916632,-65.2430816766763,630,9104,PR,-67.942726,Puerto Rico,North America,USD
AS,NA,ar-PS,6254930,31.2200520000001,PSE,32.5520881030001,WE,3800000,35.5740520000001,275,5970,PS,34.2186994300001,Palestine,Asia,ILS
EU,Lisbon,"pt-PT,mwl",2264397,36.96125,PRT,42.154311127408,PO,10676000,-6.18915930748288,620,92391,PT,-9.50052660716588,Portuguese Republic,Europe,EUR
OC,Melekeok,"pau,sov,en-PW,tox,ja,fil,zh",1559582,2.8036,PLW,8.46966,PS,19907,134.72307,585,458,PW,131.11788,Republic of Palau,Oceania,USD
SA,Asunción,"es-PY,gn",3437598,-27.5918335646318,PRY,-19.2896000004762,PA,6375830,-54.2589239104835,600,406750,PY,-62.6446174378624,Republic of Paraguay,South America,PYG
AS,Doha,"ar-QA,es",289688,24.4711111230001,QAT,26.1578818880001,QA,840926,51.6315537500001,634,11437,QA,50.750030995,State of Qatar,Asia,QAR
AF,Saint-Denis,fr-RE,935317,-21.389228821,REU,-20.8717861179999,RE,776948,55.836700439,638,2517,RE,55.21648407,Reunion,Africa,EUR
EU,Bucharest,"ro,hu,rom",798549,43.6190166499833,ROU,48.2653912058468,RO,21959278,29.7152986907701,642,237500,RO,20.2619949052262,România,Europe,RON
EU,Belgrade,"sr,hu,bs,rom",6290252,42.2315030010001,SRB,46.189446,RI,7344847,23.0063870060001,688,88361,RS,18.838044043,Serbia,Europe,RSD
EU,Moskva,"ru,tt,xal,cau,ady,kv,ce,tyv,cv,udm,tut,mns,bua,myv,mdf,chm,ba,inh,tut,kbd,krc,av,sah,nog",2017370,41.1853530000001,RUS,81.8616409300001,RS,140702000,-169.05,643,171e5,RU,19.25,Russian Federation,Europe,RUB
AF,Kigali,"rw,en-RW,fr-RW,sw",49518,-2.84023010213747,RWA,-1.04716670707785,RW,11055976,30.8997466415943,646,26338,RW,28.8617308206209,Republic of Rwanda,Africa,RWF
AS,Riyadh,ar-SA,102358,16.3795000261256,SAU,32.158333,SA,25731776,55.6665840000001,682,1960582,SA,34.495693,Kingdom of Saudi Arabia,Asia,SAR
OC,Honiara,"en-SB,tpi",2103350,-11.850555,SLB,-6.589611,BP,559198,166.980865,090,28450,SB,155.508606,Solomon Islands,Oceania,SBD
AF,Victoria,"en-SC,fr-SC",241170,-9.753867,SYC,-4.283717,SE,88340,56.297702879373,690,455,SC,46.204769,Republic of Seychelles,Africa,SCR
AF,Khartoum,"ar-SD,en,fia",366755,9.48888700000003,SDN,23.1464092140001,SU,35000000,38.5822502880001,729,1861484,SD,21.8146345210001,Republic of the Sudan,Africa,SDG
EU,Stockholm,"sv-SE,se,sma,fi-SE",2661886,55.3374438220002,SWE,69.0599672666879,SW,9828655,24.155245238099,752,449964,SE,11.109499387126,Kingdom of Sweden,Europe,SEK
AS,Singapore,"cmn,en-SG,ms-SG,ta-SG,zh-SG",1880251,1.21460286400003,SGP,1.47064236100005,SN,4701069,104.035820313,702,692.7,SG,103.605527887,Republic of Singapore,Asia,SGD
AF,Jamestown,en-SH,3370751,-16.019543,SHN,-7.887815,SH,7460,-5.638753,654,410,SH,-14.42123,"Saint Helena, Ascension, and Tristan da Cunha",Africa,SHP
EU,Ljubljana,"sl,sh",3190538,45.421812998164,SVN,46.8766275518195,SI,2007000,16.6106311807,705,20273,SI,13.3753342064709,Republic of Slovenia,Europe,EUR
EU,Longyearbyen,"no,ru",607072,79.220306,SJM,80.762085,SV,2550,33.287334,744,62049,SJ,17.699389,Svalbard and Jan Mayen,Europe,NOK
EU,Bratislava,"sk,hu",3057568,47.7313590000001,SVK,49.6137360000001,LO,5455000,22.5657383340001,703,48845,SK,16.8334234020001,Slovak Republic,Europe,EUR
AF,Freetown,"en-SL,men,tem",2403846,6.92343700100002,SLE,9.99997300000007,SL,5245695,-10.2716829999999,694,71740,SL,-13.302128077,Republic of Sierra Leone,Africa,SLL
EU,San Marino,it-SM,3168068,43.8937002210188,SMR,43.9920929668161,SM,31477,12.5158490454421,674,61.2,SM,12.403605260165,Repubblica di San Marino,Europe,EUR
AF,Dakar,"fr-SN,wo,fuc,mnk",2245662,12.307289079,SEN,16.6929572170001,SG,12323252,-11.345768371,686,196190,SN,-17.529520035,Republic of Senegal,Africa,XOF
AF,Mogadishu,"so-SO,ar-SO,it,en-SO",51537,-1.66203236399997,SOM,11.9887353730001,SO,10112453,51.4150313960001,706,637657,SO,40.9943730000001,Somalia,Africa,SOS
SA,Paramaribo,"nl-SR,en,srn,hns,jv",3382998,1.83730600000007,SUR,6.01550458300005,NS,492829,-53.978763,740,163270,SR,-58.070505999,Republic of Suriname,South America,SRD
AF,Juba,en,7909807,3.48898000000003,SSD,12.236389,OD,8260490,35.9489970000001,728,644329,SS,23.4408490000001,South Sudan,Africa,SSP
AF,São Tomé,pt-ST,2410758,0.024766,STP,1.701323,TP,175808,7.466374,678,1001,ST,6.47017,Sao Tome and Principe,Africa,STD
NA,San Salvador,es-SV,3585968,13.153004391,SLV,14.450557001,ES,6052064,-87.692162,222,21040,SV,-90.134654476,Republic of El Salvador,North America,USD
NA,Philipsburg,"nl,en",7609695,18.0050998971257,SXM,18.0641148010001,NN,37429,-63.0136593376722,534,21,SX,-63.139163816,Sint Maarten,North America,ANG
AS,Damascus,"ar-SY,ku,hy,arc,fr,en",163843,32.311136,SYR,37.3205689060001,SY,22198110,42.376309,760,185180,SY,35.587211,Syrian Arab Republic,Asia,SYP
AF,Mbabane,"en-SZ,ss-SZ",934841,-27.317402,SWZ,-25.7179199999999,WZ,1354051,32.1349066610001,748,17363,SZ,30.7906400000001,Kingdom of Swaziland,Africa,SZL
NA,Cockburn Town,en-TC,3576916,21.422626,TCA,21.961878,TK,20556,-71.123642,796,430,TC,-72.483871,Turks and Caicos Islands,North America,USD
AF,N'Djamena,"fr-TD,ar-TD,sre",2434508,7.44297500000005,TCD,23.4523611160001,CD,10543464,24.0000000000001,148,1284e3,TD,13.47,Republic of Chad,Africa,XAF
AN,Port-aux-Français,fr,1546748,-49.735184,ATF,-37.790722,FS,140,77.598808,260,7829,TF,50.170258,Territory of the French Southern and Antarctic Lands,Antarctica,EUR
AF,Lomé,"fr-TG,ee,hna,kbp,dag,ha",2363686,6.11225958700004,TGO,11.1394984250001,TO,6587239,1.80890722900006,768,56785,TG,-0.144041999999956,Togolese Republic,Africa,XOF
AS,Bangkok,"th,en",1605651,5.61,THA,20.463194,TH,67089500,105.639389,764,514e3,TH,97.345642,Kingdom of Thailand,Asia,THB
AS,Dushanbe,"tg,ru",1220409,36.672037001,TJK,41.0443670000001,TI,7487489,75.1539560000001,762,143100,TJ,67.3420120000001,Republic of Tajikistan,Asia,TJS
OC,NA,"tkl,en-TK",4031074,-9.38111114501953,TKL,-8.55361366271973,TL,1466,-171.21142578125,772,10,TK,-172.500335693359,Tokelau,Oceania,NZD
OC,Dili,"tet,pt-TL,id,en",1966436,-9.5046501159668,TLS,-8.12687015533447,TT,1154625,127.34211730957,626,15007,TL,124.044647216797,Democratic Republic of Timor-Leste,Oceania,USD
AS,Ashgabat,"tk,ru,uz",1218197,35.1290930000001,TKM,42.7982617260001,TX,4940916,66.7073530000001,795,488100,TM,52.4455780650001,Turkmenistan,Asia,TMT
AF,Tunis,"ar-TN,fr",2464461,30.2415834110001,TUN,37.5419886350001,TS,10589025,11.608143339,788,163610,TN,7.52252789300007,Republic of Tunisia,Africa,TND
OC,Nuku‘alofa,"to,en-TO",4032283,-21.455057,TON,-15.562988,TN,122580,-173.907578,776,748,TO,-175.682266,Kingdom of Tonga,Oceania,TOP
AS,Ankara,"tr-TR,ku,diq,az,av",298795,35.815418,TUR,42.107613,TU,77804122,44.834999,792,780580,TR,25.668501,Republic of Turkey,Asia,TRY
NA,Port-of-Spain,"en-TT,hns,fr,es,zh",3573591,10.036105,TTO,11.338342,TD,1328019,-60.517933,780,5128,TT,-61.923771,Republic of Trinidad and Tobago,North America,TTD
OC,Funafuti,"tvl,en,sm,gil",2110297,-10.801169,TUV,-5.641972,TV,10472,179.863281,798,26,TV,176.064865,Tuvalu,Oceania,AUD
AS,Taipei,"zh-TW,zh,nan,hak",1668284,21.896606934717,TWN,25.3002899036181,TW,22894384,122.006739823315,158,35980,TW,119.534691,Taiwan,Asia,TWD
AF,Dodoma,"sw-TZ,en,ar",149590,-11.761254,TZA,-0.984396999999944,TZ,41892895,40.4448279960001,834,945087,TZ,29.34,United Republic of Tanzania,Africa,TZS
EU,Kiev,"uk,ru-UA,rom,pl,hu",690791,44.3820571900001,UKR,52.3793713250001,UP,45415596,40.22048033,804,603700,UA,22.137078,Ukraine,Europe,UAH
AF,Kampala,"en-UG,lg,sw,ar",226074,-1.48153052848838,UGA,4.23136926690327,UG,33398682,35.0010535324228,800,236040,UG,29.573465338129,Republic of Uganda,Africa,UGX
OC,NA,en-UM,5854968,-0.389006,UMI,28.219814,NA,0,166.654526,581,0,UM,-177.392029,United States Minor Outlying Islands,Oceania,USD
NA,"Washington, D.C.","en-US,es-US,haw,fr",6252001,24.544093,USA,49.384358,US,310232863,-66.949607,840,9629091,US,-124.733692,United States,North America,USD
SA,Montevideo,es-UY,3439705,-34.9740543027064,URY,-30.0855024328825,UY,3477000,-53.1810509360802,858,176220,UY,-58.4393489790361,Oriental Republic of Uruguay,South America,UYU
AS,Tashkent,"uz,ru,tg",1512440,37.172269828,UZB,45.5900750010001,UZ,27865738,73.1489460000001,860,447400,UZ,55.9982180000001,Republic of Uzbekistan,Asia,UZS
EU,Vatican City,"la,it,fr",3164670,41.9002796030685,VAT,41.9074383088558,VT,921,12.4583754662948,336,0.44,VA,12.445706781692,State of the Vatican City,Europe,EUR
NA,Kingstown,"en-VC,fr",3577815,12.583984810969,VCT,13.377834,VC,104217,-61.11388,670,389,VC,-61.4609031772766,Saint Vincent and the Grenadines,North America,XCD
SA,Caracas,es-VE,3625428,0.626311,VEN,12.201903,VE,27223228,-59.80378,862,912050,VE,-73.354073,Bolivarian Republic of Venezuela,South America,VES
NA,Road Town,en-VG,3577718,18.3837108982113,VGB,18.757221,VI,21730,-64.268768,092,153,VG,-64.7131275273036,British Virgin Islands,North America,USD
NA,Charlotte Amalie,en-VI,4796775,17.673931,VIR,18.415382,VQ,108708,-64.565193,850,352,VI,-65.101333,Virgin Islands of the United States,North America,USD
AS,Hanoi,"vi,en,fr,zh,km",1562822,8.559611,VNM,23.388834,VM,89571130,109.464638,704,329560,VN,102.148224,Socialist Republic of Vietnam,Asia,VND
OC,Port-Vila,"bi,en-VU,fr-VU",2134431,-20.248945,VUT,-13.073444,NH,221552,169.904785,548,12200,VU,166.524979,Republic of Vanuatu,Oceania,VUV
OC,Mata-Utu,"wls,fud,fr-WF",4034749,-14.3145599898208,WLF,-13.2167581810614,WF,16025,-176.161743177183,876,274,WF,-178.184811289641,Wallis et Futuna,Oceania,XPF
OC,Apia,"sm,en-WS",4034894,-14.040939,WSM,-13.432207,WS,192001,-171.415741,882,2944,WS,-172.798599,Independent State of Samoa,Oceania,WST
EU,Pristina,"sq,sr",831053,41.857641001,XKX,43.2676851730001,KV,1800000,21.7898670000001,0,10908,XK,20.014284,Republic of Kosovo,Europe,EUR
AS,Sanaa,ar-YE,69543,12.1110910264462,YEM,18.9999989031009,YM,23495361,54.5305388163283,887,527970,YE,42.5325394314234,Republic of Yemen,Asia,YER
AF,Mamoudzou,fr-YT,1024031,-13.000132,MYT,-12.648891,MF,159042,45.29295,175,374,YT,45.03796,Mayotte,Africa,EUR
AF,Pretoria,"zu,xh,af,nso,en-ZA,tn,st,ts,ss,ve,nr",953987,-34.8341700029999,ZAF,-22.1250300579999,SF,49000000,32.944984945,710,1219912,ZA,16.45189,Republic of South Africa,Africa,ZAR
AF,Lusaka,"en-ZM,bem,loz,lun,lue,ny,toi",895949,-18.077418,ZMB,-8.20328399999994,ZA,13460305,33.7090304810001,894,752614,ZM,21.999350925,Republic of Zambia,Africa,ZMW
AF,Harare,"en-ZW,sn,nr,nd",878675,-22.421998999,ZWE,-15.609318999,ZI,13061000,33.0682360000001,716,390580,ZW,25.2373680000001,Republic of Zimbabwe,Africa,ZWL
